,precision,recall,f1-score,support
INTERMEDIARY,0.9791666666666666,0.8103448275862069,0.8867924528301887,116.0
HIGH,0.8674698795180723,0.9863013698630136,0.9230769230769231,146.0
accuracy,0.9083969465648855,0.9083969465648855,0.9083969465648855,0.9083969465648855
macro avg,0.9233182730923695,0.8983230987246102,0.9049346879535559,262.0
weighted avg,0.9169234188663049,0.9083969465648855,0.9070120431203537,262.0
