,precision,recall,f1-score,support
INTERMEDIARY,0.7706422018348624,0.7241379310344828,0.7466666666666667,116.0
HIGH,0.7908496732026143,0.8287671232876712,0.8093645484949833,146.0
accuracy,0.7824427480916031,0.7824427480916031,0.7824427480916031,0.7824427480916031
macro avg,0.7807459375187384,0.7764525271610769,0.778015607580825,262.0
weighted avg,0.7819028538184188,0.7824427480916031,0.7816051809679423,262.0
