,precision,recall,f1-score,support
INTERMEDIARY,0.7964601769911505,0.7758620689655172,0.7860262008733624,116.0
HIGH,0.825503355704698,0.8424657534246576,0.8338983050847457,146.0
accuracy,0.8129770992366412,0.8129770992366412,0.8129770992366412,0.8129770992366412
macro avg,0.8109817663479242,0.8091639111950875,0.809962252979054,262.0
weighted avg,0.8126445437551884,0.8129770992366412,0.8127030223041332,262.0
