Model,Accuracy,Precision,Recall,F1-Score,AUC_HIGH_vs_INTERMEDIARY,CV_Mean_Accuracy,CV_Std,Note
XGBoost,0.7824427480916031,0.7819028538184188,0.7824427480916031,0.7816051809679423,0.8755904581955598,0.7640829346092504,0.00947795186827703,SMOTE applied to train split only; CV uses SMOTE Pipeline
