Model,Accuracy,Precision,Recall,F1-Score,AUC_HIGH_vs_INTERMEDIARY
XGBoost,0.9083969465648855,0.9169234188663049,0.9083969465648855,0.9070120431203537,0.9824043457723193
