Model,Accuracy,Precision,Recall,F1_Score,AUC,CV_Mean,CV_Std,Test_Samples,Classes
XGBoost,0.8129770992366412,0.8126445437551884,0.8129770992366412,0.8127030223041332,0.8996811525743978,0.7683425462841098,0.1339275011501484,262,"INTERMEDIARY=0, HIGH=1 (LOW excluded by design)"
