,precision,recall,f1-score,support
Normal,0.56047197640118,0.7421875,0.6386554621848739,256.0
Thickened,0.8761726078799249,0.7581168831168831,0.8128807658833769,616.0
accuracy,0.7534403669724771,0.7534403669724771,0.7534403669724771,0.7534403669724771
macro avg,0.7183222921405524,0.7501521915584415,0.7257681140341254,872.0
weighted avg,0.78348985368433,0.7534403669724771,0.7617320528709722,872.0
